{
  "documentIds" : [ 21597 ],
  "attributes" : [ {
    "code" : "CUI_FURNIZOR",
    "regexItems" : [ {
      "regex" : "(CIF\\s*)(${P_GROUP_NAME}\\w*)",
      "transformation" : "rtrim(ltrim('_RAW_'))",
      "multiple" : false,
      "separator" : ""
    },
	{
      "regex" : "((CU[liI]:\\s*)(${P_GROUP_NAME}.*))",
      "transformation" : "rtrim(ltrim('_RAW_'))",
      "multiple" : false,
      "separator" : ""
    },
	{
      "regex" : "(([Cc][Oo0][dD]\\s*[Tt][vV][Aa]\\s*)(${P_GROUP_NAME}\\w*))",
      "transformation" : "rtrim(ltrim('_RAW_'))",
      "multiple" : false,
      "separator" : ""
    }
	]
  },
  {
    "code" : "DATA_FACTURA",
    "regexItems" : [ {
      "regex" : "([dD]ata\\s*)(${P_GROUP_NAME}\\d{1,4}([.\\-/])\\d{1,2}([.\\-/])\\d{1,4})",
      "transformation" : "rtrim(ltrim('_RAW_'))",
      "multiple" : false,
      "separator" : ""
    },
	{
      "regex" : "(([Dd]ata factur[i1][1i]:)(\\n)(${P_GROUP_NAME}[\\w.,][\\w.,]\\s*[\\w.,][\\w.,][\\w.,]\\s*[\\w.,][\\w.,][\\w.,][\\w.,]))",
      "transformation" : "rtrim(ltrim('_RAW_'))",
      "multiple" : false,
      "separator" : ""
    },
	{
      "regex" : "(([Dd]ata factur[i1][1i]:\\s*)(${P_GROUP_NAME}.*))",
      "transformation" : "rtrim(ltrim('_RAW_'))",
      "multiple" : false,
      "separator" : ""
    },
	{
      "regex" : "(([dD]ate\\s*)(${P_GROUP_NAME}.*))",
      "transformation" : "rtrim(ltrim('_RAW_'))",
      "multiple" : false,
      "separator" : ""
    }
	]
	},
  {
    "code" : "SCURTA_DESCRIERE",
    "regexItems" : [ {
      "regex" : "()",
      "transformation" : "rtrim(ltrim('_RAW_'))",
      "multiple" : false,
      "separator" : ""
    }
	]
	}, 
  {
    "code" : "VALOARE_TOTALA",
    "regexItems" : [ {
	"regex" : "(([Tt][o0][tl1]a[ll1]\\s*ca[t1l]re\\s*p[1l]ata\\s*R[0O]N\\s*)(${P_GROUP_NAME}.*))",
      "transformation" : "rtrim(ltrim('_RAW_'))",
      "multiple" : false,
      "separator" : ""
    },
	{
     "regex" : "((T[o0]ta[l1]\\s*de\s*p[l1]a[t1][a.?]\\s*)(${P_GROUP_NAME}.*))",
      "transformation" : "rtrim(ltrim('_RAW_'))",
      "multiple" : false,
      "separator" : ""
    },
	{
     "regex" : "(([Tt]ota[l1]\\s*)(${P_GROUP_NAME}[\\w.,]*\\s*[\\w.,][\\w.,][\\w.,][\\w.,][\\w.,][\\w.,]))",
      "transformation" : "rtrim(ltrim('_RAW_'))",
      "multiple" : false,
      "separator" : ""
    },
	{
     "regex" : "((T[o0]ta[l1]\\s*.*?)(${P_GROUP_NAME}3.*))",
      "transformation" : "rtrim(ltrim('_RAW_'))",
      "multiple" : false,
      "separator" : ""
    }
	]
  },
  {
    "code" : "VALOARE_FARA_TVA",
    "regexItems" : [ {
      "regex" : "((Emis de Date privind expeditia\\s*)(${P_GROUP_NAME}[\\w.,]*\\s*[\\w.,][\\w.,][\\w.,][\\w.,][\\w.,][\\w.,]))",
      "transformation" : "rtrim(ltrim('_RAW_'))",
      "multiple" : false,
      "separator" : ""
    },
	{
      "regex" : "(([Ss]ubt[o0]ta[l1]\\s*)(${P_GROUP_NAME}.*))",
      "transformation" : "rtrim(ltrim('_RAW_'))",
      "multiple" : false,
      "separator" : ""
    },
	{
      "regex" : "((Subt[o0]ta[l1]\\s*)(${P_GROUP_NAME}3.*))",
      "transformation" : "rtrim(ltrim('_RAW_'))",
      "multiple" : false,
      "separator" : ""
    },
	{
      "regex" : "((T[o0]ta[l1]\\s*f.?r.?\\s*TVA\\s*factur.?\\s*curent.?\\s*)(${P_GROUP_NAME}.*))",
      "transformation" : "rtrim(ltrim('_RAW_'))",
      "multiple" : false,
      "separator" : ""
    },
	{
      "regex" : "((T[o0]ta[l1]\\s*factur[a.?]\\s*curent[a.?]\\s*f[a.?]r[a.?]\\s*TVA\\s*)(${P_GROUP_NAME}.*))",
      "transformation" : "rtrim(ltrim('_RAW_'))",
      "multiple" : false,
      "separator" : ""
    }
	]
  },
  {
    "code" : "VALOARE_TVA",
    "regexItems" : [ {
      "regex" : "((Emis de Date privind expeditia\\s*)([\\w.,]*\\s*[\\w.,][\\w.,][\\w.,][\\w.,][\\w.,][\\w.,]*\\s)(${P_GROUP_NAME}.*))",
      "transformation" : "rtrim(ltrim('_RAW_'))",
      "multiple" : false,
      "separator" : ""
    },
	{
      "regex" : "(([tT][0o]ta[l1]\\s*TVA\\s*)(${P_GROUP_NAME}.*))",
      "transformation" : "rtrim(ltrim('_RAW_'))",
      "multiple" : false,
      "separator" : ""
    },
	{
      "regex" : "((Tax\\s*)(${P_GROUP_NAME}1.*))",
      "transformation" : "rtrim(ltrim('_RAW_'))",
      "multiple" : false,
      "separator" : ""
    },
	{
      "regex" : "((TVA\\s*24.?00.?.?\\s*)(${P_GROUP_NAME}.*))",
      "transformation" : "rtrim(ltrim('_RAW_'))",
      "multiple" : false,
      "separator" : ""
    },
	{
      "regex" : "((TVA\\s*19.?00.?.?\\s*)(${P_GROUP_NAME}.*))",
      "transformation" : "rtrim(ltrim('_RAW_'))",
      "multiple" : false,
      "separator" : ""
    }
	]
  }
  ]
}


